City,Lat,Lng,Max Temp,Humidity,Cloudiness,Wind Speed,Country,Date
Kapaa,22.08,-159.32,80.6,69,75,13.87,US,1600439033
Kruisfontein,-34.0,24.73,66.0,67,100,11.99,ZA,1600439034
Okha,53.57,142.95,51.69,92,100,27.31,RU,1600439034
Thompson,55.74,-97.86,30.2,100,75,2.37,CA,1600439034
Ushuaia,-54.8,-68.3,30.2,100,90,35.57,AR,1600439034
Punta Arenas,-53.15,-70.92,35.6,69,20,24.16,CL,1600438853
Cidreira,-30.18,-50.21,70.61,74,0,2.95,BR,1600439034
Khani,41.96,42.96,80.6,69,40,11.41,GE,1600439035
Tasiilaq,65.61,-37.64,39.2,80,90,20.8,GL,1600439035
Puri,19.8,85.85,86.0,84,40,9.17,IN,1600438754
Abu Kamal,34.45,40.92,104.58,7,0,17.25,SY,1600439035
Bluff,-46.6,168.33,48.0,81,99,15.01,NZ,1600439035
Busselton,-33.65,115.33,55.0,55,65,13.15,AU,1600439035
Portland,45.52,-122.68,63.0,95,100,2.73,US,1600438866
Chui,-33.7,-53.46,65.89,65,0,8.88,UY,1600439035
Hanmer Springs,-42.52,172.82,41.34,79,0,6.29,NZ,1600439036
Severo-Kuril'sk,50.68,156.12,53.31,95,100,13.44,RU,1600439036
Curumaní,9.2,-73.54,81.55,81,99,2.04,CO,1600439036
Longyearbyen,78.22,15.64,39.2,86,75,2.04,SJ,1600439036
Salalah,17.02,54.09,82.4,74,20,11.41,OM,1600439036
Atuona,-9.8,-139.03,76.95,74,31,17.63,PF,1600439036
Clyde River,70.47,-68.59,32.0,93,75,14.99,CA,1600439037
Kawalu,-7.38,108.21,74.28,88,99,2.77,ID,1600439037
Yellowknife,62.46,-114.35,41.0,100,40,8.05,CA,1600438953
Inongo,-1.95,18.27,79.97,68,28,1.57,CD,1600439037
Nyurba,63.28,118.33,42.66,82,0,3.24,RU,1600439037
Kango,0.19,10.1,79.27,85,100,3.53,GA,1600439037
Darłowo,54.42,16.41,59.38,53,11,9.08,PL,1600439037
Rikitea,-23.12,-134.97,71.31,84,10,18.95,PF,1600439038
San Andrés,12.58,-81.7,84.2,79,40,5.82,CO,1600438793
Ilulissat,69.22,-51.1,32.0,87,75,2.24,GL,1600438957
Nanzhou,29.36,112.4,66.33,83,57,4.52,CN,1600439038
Klaksvík,62.23,-6.59,51.8,81,0,10.29,FO,1600439038
Muros,42.78,-9.06,73.0,67,0,7.0,ES,1600439038
Norman Wells,65.28,-126.83,42.8,87,75,3.36,CA,1600439038
Banikoara,11.3,2.44,82.47,80,89,4.65,BJ,1600439038
Saskylakh,71.92,114.08,50.65,70,3,11.23,RU,1600439039
Ribeira Grande,38.52,-28.7,71.6,68,75,16.11,PT,1600439039
Puerto Ayora,-0.74,-90.35,65.95,88,100,9.8,EC,1600439039
Husum,54.49,9.05,64.4,42,23,4.7,DE,1600439039
Iqaluit,63.75,-68.51,39.2,64,75,17.22,CA,1600438757
Gizo Government Station,-8.1,156.84,81.05,78,100,10.94,SB,1600439039
Barrow,71.29,-156.79,39.2,86,90,17.22,US,1600439040
East London,-33.02,27.91,66.2,68,0,20.8,ZA,1600439040
Dikson,73.51,80.55,43.72,91,80,8.72,RU,1600439040
Vaini,-21.2,-175.2,69.8,94,90,9.17,TO,1600439040
Lake Elsinore,33.67,-117.33,69.01,20,0,0.51,US,1600439040
Inírida,3.87,-67.92,86.59,65,86,2.73,CO,1600439041
Malaya Vishera,58.85,32.22,48.33,70,93,11.1,RU,1600439041
Mbaïki,3.87,17.99,79.54,89,69,4.05,CF,1600439041
Dandong,40.13,124.39,55.42,70,0,4.09,CN,1600439041
Matamoros,25.53,-103.25,64.99,93,5,5.61,MX,1600438759
Bac Lieu,9.29,105.72,79.77,83,100,17.69,VN,1600439041
Yar-Sale,66.83,70.83,46.45,90,83,8.23,RU,1600439042
Tiksi,71.69,128.87,47.37,75,0,14.03,RU,1600439042
New Norfolk,-42.78,147.06,42.01,73,0,5.01,AU,1600439042
Bonavista,48.65,-53.11,51.42,93,100,11.07,CA,1600439042
Hilo,19.73,-155.09,71.6,73,1,5.82,US,1600439042
Hamilton,39.18,-84.53,60.8,59,1,11.41,US,1600438752
Liverpool,53.41,-2.98,69.01,59,83,10.29,GB,1600439042
Ulkan,57.24,107.32,45.64,74,0,1.72,RU,1600439043
Saint George,37.1,-113.58,69.8,16,1,4.41,US,1600438954
Mataura,-46.19,168.86,48.0,81,100,15.01,NZ,1600439043
Kahului,20.89,-156.47,73.99,69,1,10.78,US,1600439043
Qaanaaq,77.48,-69.36,21.36,89,3,6.91,GL,1600439043
Faanui,-16.48,-151.75,77.74,81,4,18.41,PF,1600439043
Port Augusta,-32.5,137.77,66.2,77,100,9.17,AU,1600439043
Hermanus,-34.42,19.23,59.0,85,75,3.0,ZA,1600439044
Turaif,31.67,38.66,102.2,13,9,9.17,SA,1600439044
Arni,12.67,79.28,80.42,80,100,8.86,IN,1600439044
Provideniya,64.38,-173.3,41.94,79,100,6.85,RU,1600439044
Araras,-22.36,-47.38,87.01,47,18,2.24,BR,1600438752
Hithadhoo,-0.6,73.08,83.07,76,49,5.44,MV,1600438915
Pevek,69.7,170.31,34.23,87,100,8.84,RU,1600439044
Butaritari,3.07,172.79,81.63,76,80,12.48,KI,1600439044
Rawson,-43.3,-65.1,52.11,41,0,26.08,AR,1600439045
Saint-Philippe,-21.36,55.77,73.4,69,75,19.46,RE,1600439045
Ugoofaaru,5.67,73.0,82.85,76,100,17.58,MV,1600439045
Kristianstad,56.03,14.15,66.99,42,0,13.87,SE,1600439045
Tuatapere,-46.13,167.68,48.0,81,100,15.01,NZ,1600439045
Pangnirtung,66.15,-65.71,37.4,55,75,2.24,CA,1600439045
Abancay,-13.63,-72.88,63.77,48,69,4.74,PE,1600439045
Tolcsva,48.28,21.45,64.4,36,0,20.8,HU,1600439046
Otane,-39.88,176.63,45.0,87,0,1.01,NZ,1600439046
Saint Paul Harbor,57.79,-152.41,42.8,81,1,4.7,US,1600439046
Lubao,14.92,120.55,78.8,88,75,4.7,PH,1600439046
Albany,42.6,-73.97,57.99,59,70,9.04,US,1600438901
Grand-Lahou,5.14,-5.02,78.58,77,35,8.95,CI,1600439046
Bowen,-20.02,148.23,66.2,93,40,8.05,AU,1600439047
Akdepe,42.06,59.38,69.8,26,0,9.17,TM,1600439047
Lompoc,34.64,-120.46,57.99,100,90,3.36,US,1600439047
Lethem,3.38,-59.8,88.59,57,19,2.77,GY,1600439047
Ancud,-41.87,-73.82,48.61,76,11,11.27,CL,1600439047
Nemuro,43.32,145.57,66.54,87,100,8.08,JP,1600439047
Lüderitz,-26.65,15.16,69.49,48,0,24.56,NA,1600439048
Neutraubling,48.98,12.2,72.0,37,1,5.82,DE,1600439048
Alenquer,-1.94,-54.74,87.8,66,20,13.87,BR,1600439048
Jamestown,42.1,-79.24,55.0,81,90,10.29,US,1600438836
Kidal,18.44,1.41,97.93,24,99,9.37,ML,1600439048
Hauterive,46.09,3.45,91.4,26,20,17.22,FR,1600439048
Shirokiy,49.76,129.52,51.22,94,100,6.89,RU,1600439048
Sinazongwe,-17.26,27.46,90.64,24,0,9.15,ZM,1600439049
Karratha,-20.74,116.85,70.23,85,0,4.68,AU,1600439001
Cherskiy,68.75,161.3,29.17,97,55,0.04,RU,1600439049
Sikonge,-5.63,32.77,89.6,22,3,13.87,TZ,1600439049
Port Elizabeth,-33.92,25.57,64.4,72,20,23.04,ZA,1600439049
Lac du Bonnet,50.25,-96.06,41.0,99,100,4.72,CA,1600439053
Mastic Beach,40.77,-72.85,63.0,72,90,10.29,US,1600439053
Qaqortoq,60.72,-46.03,37.4,86,75,9.17,GL,1600439053
Kleive,62.8,7.64,57.2,71,20,14.99,NO,1600439054
Arraial do Cabo,-22.97,-42.03,82.4,69,40,6.93,BR,1600439054
Mar del Plata,-38.0,-57.56,60.8,25,0,13.87,AR,1600439054
Port Alfred,-33.59,26.89,66.61,69,77,21.97,ZA,1600439054
Lusambo,-4.97,23.45,87.26,52,57,2.04,CD,1600439054
Talnakh,69.49,88.4,50.0,93,51,17.9,RU,1600439055
Cabo San Lucas,22.89,-109.91,79.0,78,40,3.36,MX,1600438909
Urucará,-2.54,-57.76,97.47,34,0,5.35,BR,1600439055
Souillac,-20.52,57.52,73.4,64,40,5.82,MU,1600439055
Bam,29.11,58.36,80.29,16,0,11.54,IR,1600439055
Thunder Bay,48.4,-89.32,41.0,80,20,4.7,CA,1600438859
Cayenne,4.93,-52.33,87.8,55,75,6.93,GF,1600439056
Agüimes,27.91,-15.45,80.6,65,20,24.16,ES,1600439056
Bredasdorp,-34.53,20.04,66.2,55,70,19.46,ZA,1600439056
Taoudenni,22.68,-3.98,106.93,17,14,8.12,ML,1600438799
Aklavik,68.22,-135.01,46.4,75,90,8.05,CA,1600439056
Roald,62.58,6.13,57.2,76,40,11.41,NO,1600439056
Lagoa,39.05,-27.98,69.49,72,1,17.72,PT,1600439056
Airai,-8.93,125.41,59.72,100,27,1.48,TL,1600439057
Cap-aux-Meules,47.38,-61.86,51.8,66,75,10.29,CA,1600439057
Avarua,-21.21,-159.78,71.6,88,100,5.82,CK,1600439057
Mount Isa,-20.73,139.5,73.4,100,75,4.7,AU,1600439057
Jiayuguan City,39.82,98.3,63.55,27,0,7.96,CN,1600439057
Cape Town,-33.93,18.42,64.0,87,75,6.93,ZA,1600438936
Beringovskiy,63.05,179.32,40.06,83,91,12.24,RU,1600439057
Taikang,46.83,124.42,53.74,89,96,11.25,CN,1600439058
Poum,-20.23,164.02,73.81,77,0,11.45,NC,1600439058
Piopio,-38.47,175.02,48.99,80,47,2.48,NZ,1600439058
Nikolskoye,59.7,30.79,53.6,62,20,17.9,RU,1600439058
Sanghar,26.05,68.95,96.8,47,5,6.93,PK,1600439058
Şugag,45.77,23.63,73.4,49,75,8.05,RO,1600439059
Marystown,47.17,-55.15,64.99,100,100,9.62,CA,1600439059
Abhā,18.22,42.51,82.4,8,20,9.17,SA,1600439007
Leningradskiy,69.38,178.42,31.59,97,100,16.06,RU,1600439059
Prata,-19.31,-48.92,97.05,14,0,10.25,BR,1600439059
Mount Gambier,-37.83,140.77,57.2,87,75,9.17,AU,1600439059
Berdigestyakh,62.1,126.7,40.91,78,0,1.9,RU,1600438820
Buchanan,5.88,-10.05,78.8,88,75,4.7,LR,1600439060
Zhenhaicun,24.26,118.09,82.4,78,40,15.66,CN,1600439060
Chapel Hill,35.91,-79.06,70.0,96,100,10.65,US,1600438967
Kloulklubed,7.04,134.26,77.0,94,75,3.69,PW,1600439060
Meulaboh,4.14,96.13,77.83,83,100,3.56,ID,1600439047
Sørland,67.67,12.69,50.0,76,75,27.51,NO,1600439060
La Ronge,55.1,-105.28,42.8,87,5,3.36,CA,1600439061
Kil,59.51,13.31,69.8,49,0,11.41,SE,1600439061
Sovetskiy,61.36,63.58,44.47,61,100,5.01,RU,1600439061
Lebu,-37.62,-73.65,50.2,69,4,17.05,CL,1600439061
Rafrāf,37.19,10.18,87.8,45,20,13.87,TN,1600439061
Fayaoué,-20.65,166.53,73.89,80,58,25.9,NC,1600439061
Sinnamary,5.38,-52.95,85.32,65,8,11.86,GF,1600439062
Amapá,1.0,-52.0,90.1,46,79,4.79,BR,1600439062
Rome,43.21,-75.46,55.99,47,1,10.29,US,1600438788
Cattolica,43.96,12.74,77.0,57,0,8.05,IT,1600439062
Khatanga,71.97,102.5,56.1,57,80,19.37,RU,1600439062
Narutochō-mitsuishi,34.18,134.62,75.2,78,75,4.7,JP,1600439062
Labuhan,-6.88,112.21,81.66,72,65,12.26,ID,1600439063
Kampot,10.62,104.18,82.4,78,75,20.8,KH,1600439063
George Town,5.41,100.34,77.0,100,20,4.7,MY,1600439063
Seoul,37.57,126.98,69.8,64,1,6.69,KR,1600438923
Port Hueneme,34.15,-119.2,64.4,93,1,4.59,US,1600439063
Carutapera,-1.2,-46.02,87.33,60,5,10.69,BR,1600439063
Bandarbeyla,9.49,50.81,78.33,77,100,29.35,SO,1600439063
Maltahöhe,-24.83,16.98,89.44,8,0,17.36,NA,1600439063
Sablé-sur-Sarthe,47.84,-0.33,84.2,39,100,10.29,FR,1600439064
Geraldton,-28.77,114.6,51.8,81,0,8.05,AU,1600439064
El Tocuyo,9.79,-69.79,86.0,48,60,3.36,VE,1600438891
Kaarina,60.41,22.37,59.0,62,100,11.41,FI,1600439064
Yulara,-25.24,130.99,57.2,30,0,5.82,AU,1600439064
Maragogi,-9.01,-35.22,78.66,73,26,6.49,BR,1600438926
Menongue,-14.66,17.69,84.38,27,100,8.03,AO,1600439064
Hong Kong,22.29,114.16,82.0,87,100,1.01,HK,1600438954
Fort Oglethorpe,34.95,-85.26,73.99,69,75,14.99,US,1600439065
Iracoubo,5.48,-53.2,85.35,65,12,10.22,GF,1600439065
Quatre Cocos,-20.21,57.76,73.4,64,40,5.82,MU,1600439065
Yinchuan,38.47,106.27,71.67,32,0,12.12,CN,1600439065
Comodoro Rivadavia,-45.87,-67.5,46.4,39,40,12.75,AR,1600439012
Chokurdakh,70.63,147.92,40.59,94,99,3.31,RU,1600439066
Ponta do Sol,32.67,-17.1,77.0,57,40,6.93,PT,1600439066
Umluj,25.02,37.27,94.42,43,0,13.71,SA,1600439066
Joyabaj,14.99,-90.81,69.01,77,40,4.7,GT,1600439066
Tromsø,69.65,18.96,48.2,76,75,10.29,NO,1600439066
Pacific Grove,36.62,-121.92,61.0,93,62,1.63,US,1600438960
Bako,5.78,36.57,81.9,45,57,2.48,ET,1600438937
Margate,51.38,1.39,66.0,53,0,8.99,GB,1600438897
Jieshi,22.81,115.83,82.99,84,100,12.84,CN,1600439067
Killybegs,54.63,-8.45,69.8,63,0,6.93,IE,1600439067
Bengkulu,-3.8,102.27,78.44,88,6,7.4,ID,1600439067
Guerrero Negro,27.98,-114.06,77.59,52,0,2.3,MX,1600439067
Khovd,48.01,91.64,62.51,30,100,3.33,MN,1600439067
Rouvroy,50.39,2.9,81.0,44,0,12.75,FR,1600439068
Flinders,-34.58,150.86,61.0,91,100,1.01,AU,1600439068
Buta,2.79,24.73,85.32,63,100,3.24,CD,1600439068
Erenhot,43.65,111.98,61.29,31,0,4.76,CN,1600439068
Kutum,14.2,24.67,90.01,29,97,13.42,SD,1600439068
Taywarah,33.35,64.42,52.57,33,0,10.63,AF,1600439068
Praxédis Guerrero,31.37,-106.02,66.99,59,20,3.36,MX,1600439068
Mahébourg,-20.41,57.7,73.4,64,40,5.82,MU,1600439069
Vila Franca do Campo,37.72,-25.43,71.6,73,75,14.99,PT,1600439069
Lorengau,-2.02,147.27,81.19,79,100,10.58,PG,1600439069
Kaitangata,-46.28,169.85,46.99,67,100,7.0,NZ,1600439069
Omboué,-1.57,9.26,77.04,82,100,10.13,GA,1600439069
Karpathos,35.51,27.21,84.2,62,20,10.29,GR,1600439069
Bilibino,68.05,166.44,26.96,96,51,0.85,RU,1600439070
Krasnoarmeysk,51.02,45.7,68.0,35,100,11.01,RU,1600438927
Ialibu,-6.28,143.99,57.9,99,100,1.7,PG,1600439070
Mayo,38.89,-76.51,66.99,93,90,10.29,US,1600439070
Kudahuvadhoo,2.67,72.89,83.16,80,98,11.36,MV,1600439070
Libertador General San Martín,-23.81,-64.79,82.0,34,0,1.99,AR,1600438940
Conceição da Barra,-18.59,-39.73,82.35,52,0,9.4,BR,1600439074
Saint-Joseph,-21.37,55.62,73.4,69,75,19.46,RE,1600439074
Acapulco de Juárez,16.86,-99.89,75.2,100,90,6.93,MX,1600438788
Broome,42.25,-75.83,59.0,66,1,11.41,US,1600439074
Novo Aripuanã,-5.12,-60.38,96.6,39,0,3.44,BR,1600439074
Sterling,39.01,-77.43,66.99,77,75,13.87,US,1600439074
Lavrentiya,65.58,-171.0,42.89,83,100,10.56,RU,1600439059
Huarmey,-10.07,-78.15,64.31,73,81,5.55,PE,1600439075
Dingle,11.0,122.67,76.24,88,100,5.84,PH,1600439075
Tsimmerbude,54.67,20.13,60.8,59,0,13.42,RU,1600439075
Seydişehir,37.42,31.85,83.64,24,8,12.93,TR,1600438832
Sabaudia,41.3,13.03,88.0,48,0,1.99,IT,1600439075
Coquimbo,-29.95,-71.34,51.8,100,90,8.05,CL,1600439075
Panjāb,34.39,67.02,50.11,40,0,7.99,AF,1600439076
Aripuanã,-9.17,-60.63,101.55,27,40,2.17,BR,1600439076
Muroto-misakicho,33.28,134.15,78.78,85,99,2.68,JP,1600439076
Marovoay,-16.1,46.63,82.4,65,20,13.87,MG,1600439076
Nouadhibou,20.93,-17.03,80.82,66,0,14.14,MR,1600439076
Padang,-0.95,100.35,80.31,75,100,2.91,ID,1600438826
Talaya,61.38,152.75,30.2,95,0,1.7,RU,1600439077
Woodstock,43.13,-80.75,55.0,46,20,13.87,CA,1600438835
Carnarvon,-24.87,113.63,69.8,77,0,11.41,AU,1600439077
Coração de Jesus,-16.69,-44.37,84.2,28,9,6.93,BR,1600439077
Oxford,51.75,-1.26,70.0,46,0,16.11,GB,1600439077
Kargopol',61.51,38.95,41.97,90,100,6.53,RU,1600439077
Tuktoyaktuk,69.45,-133.04,41.0,93,75,11.41,CA,1600439078
São Geraldo do Araguaia,-6.4,-48.55,102.29,25,0,5.3,BR,1600439078
Mossamedes,-15.2,12.15,71.13,61,6,13.82,AO,1600439078
Denpasar,-8.65,115.22,80.6,100,40,10.29,ID,1600438950
Kwinana,-32.25,115.77,55.99,76,0,4.7,AU,1600439078
Hobyo,5.35,48.53,78.84,76,0,27.09,SO,1600439078
Bethel,41.37,-73.41,62.01,72,90,8.05,US,1600438808
Bud,39.45,-86.18,55.99,71,1,10.29,US,1600439078
Shelburne,44.08,-80.2,50.0,61,75,5.82,CA,1600439079
Enumclaw,47.2,-121.99,61.0,96,89,2.93,US,1600438947
Sangar,63.92,127.47,41.67,79,0,3.69,RU,1600439079
Tadine,-21.55,167.88,70.54,80,84,17.56,NC,1600439079
Nhulunbuy,-12.23,136.77,78.8,83,90,8.05,AU,1600439079
Biltine,14.53,20.92,97.81,23,0,3.6,TD,1600439079
Kenai,60.55,-151.26,52.0,71,90,17.22,US,1600439080
Tilichiki,60.47,166.1,35.58,86,0,4.29,RU,1600439080
North Bend,43.41,-124.22,60.8,100,90,9.17,US,1600438834
Itaueira,-7.6,-43.03,93.87,26,0,7.7,BR,1600439080
Tumpat,6.2,102.17,75.2,100,40,2.24,MY,1600439080
Jamkhandi,16.52,75.3,73.8,89,100,14.99,IN,1600439080
Zverinogolovskoye,54.46,64.85,50.79,74,100,8.63,RU,1600439081
Varhaug,58.61,5.65,57.99,92,28,5.99,NO,1600439081
Ilhabela,-23.78,-45.36,80.19,54,27,7.34,BR,1600439081
‘Āhuimanu,21.44,-157.84,78.8,65,40,6.93,US,1600439081
Fairlie,55.76,-4.86,69.01,72,42,1.99,GB,1600439081
Maniitsoq,65.42,-52.9,39.29,82,100,17.76,GL,1600439081
Arkhangel’skoye,55.85,35.33,45.91,94,100,12.44,RU,1600439082
Jiangyou,31.77,104.72,66.13,80,12,1.79,CN,1600439082
Saldanha,-33.01,17.94,66.2,68,0,12.75,ZA,1600439082
Vila Velha,-20.33,-40.29,84.2,51,5,14.99,BR,1600439010
Hobart,-42.88,147.33,42.8,87,0,6.93,AU,1600438815
Eureka,40.8,-124.16,60.01,100,4,6.6,US,1600438999
Iberia,29.95,-91.75,75.2,78,1,11.41,US,1600439082
Olinda,-8.01,-34.86,82.4,65,40,11.41,BR,1600439065
Srandakan,-7.94,110.25,76.23,88,96,5.32,ID,1600439082
Petropavlovsk-Kamchatskiy,53.05,158.65,50.0,100,75,2.24,RU,1600439083
São Filipe,14.9,-24.5,80.29,82,43,10.71,CV,1600439083
Thinadhoo,0.53,72.93,83.57,76,65,8.32,MV,1600439083
Fortuna,40.6,-124.16,62.6,88,75,10.29,US,1600439083
Burns Lake,54.23,-125.75,49.03,88,0,1.1,CA,1600438928
Kasongo,-4.45,26.67,86.94,52,83,4.99,CD,1600439084
Shingū,33.73,135.98,75.38,92,100,4.7,JP,1600439084
Kalnciems,56.8,23.61,60.8,55,6,5.82,LV,1600439084
São Félix do Xingu,-6.64,-51.99,97.79,29,79,4.94,BR,1600438976
Samarai,-10.62,150.67,78.6,87,99,16.73,PG,1600439084
Kumul,42.8,93.45,75.51,21,78,24.74,CN,1600439084
San Quintín,30.48,-115.95,76.37,50,0,6.67,MX,1600439085
Bubaque,11.28,-15.83,80.17,85,94,13.11,GW,1600439085
Kavaratti,10.57,72.64,81.79,81,74,21.0,IN,1600439085
Vanimo,-2.67,141.3,78.98,83,100,4.12,PG,1600439085
Constitución,-35.33,-72.42,57.0,51,16,10.94,CL,1600439085
Bojnourd,37.47,57.33,77.0,22,0,6.93,IR,1600439085
Klyuchi,52.27,79.17,53.56,60,57,9.19,RU,1600439086
Chu,43.6,73.76,60.06,33,100,3.58,KZ,1600438786
Mosquera,4.71,-74.23,62.6,63,20,4.7,CO,1600439086
Salaga,8.55,-0.52,83.03,69,99,2.01,GH,1600439086
Bagdarin,54.43,113.6,41.56,80,81,1.01,RU,1600439086
Nouakchott,18.09,-15.98,89.6,70,14,16.11,MR,1600439066
Östersund,63.18,14.64,51.8,71,75,25.28,SE,1600439086
Kingsland,30.8,-81.69,75.99,89,99,6.06,US,1600439087
Leh,34.17,77.58,58.55,27,0,4.99,IN,1600439087
Talara,-4.58,-81.27,66.2,77,40,14.99,PE,1600439087
Blagoveshchenka,52.83,79.87,52.92,67,51,11.77,RU,1600439087
Sungai Penuh,-2.08,101.38,67.77,95,94,0.87,ID,1600438791
Vólakas,41.32,24.0,84.99,59,76,10.8,GR,1600439087
Jambi City,-1.6,103.62,77.41,84,64,1.99,ID,1600439087
Opuwo,-18.06,13.84,93.6,10,0,2.35,NA,1600439088
Arlit,18.74,7.39,105.12,12,0,13.82,NE,1600439088
Etchoropo,26.77,-109.67,81.0,83,0,1.99,MX,1600439088
Borba,-4.39,-59.59,96.42,39,0,3.83,BR,1600439088
Esperance,-33.87,121.9,53.6,100,98,9.17,AU,1600439088
Arrecife,28.96,-13.55,82.4,51,20,9.17,ES,1600438862
Cockburn Town,21.46,-71.14,86.0,70,40,6.93,TC,1600438861
Isangel,-19.55,169.27,72.54,78,18,16.37,VU,1600439089
Las Tunas,20.96,-76.95,80.6,83,40,4.7,CU,1600439089
San Matías,-16.37,-58.4,98.38,27,0,5.26,BO,1600439089
Fort Nelson,58.81,-122.7,37.4,100,5,3.36,CA,1600439089
Kokopo,-4.35,152.26,75.76,86,98,6.44,PG,1600439089
Panabá,21.28,-88.27,82.42,84,47,8.19,MX,1600439089
Smithers,54.78,-127.17,42.8,100,5,0.47,CA,1600439089
Correia Pinto,-27.58,-50.36,62.47,85,100,2.55,BR,1600439090
Kamenka,51.32,42.77,52.0,84,100,9.44,RU,1600439090
Viranşehir,37.24,39.76,97.29,12,0,12.71,TR,1600439090
Hillsboro,45.52,-122.99,63.0,93,90,1.97,US,1600438999
Sitka,57.05,-135.33,53.6,76,90,3.15,US,1600439090
Port Blair,11.67,92.75,78.39,88,100,19.08,IN,1600438854
Shymkent,42.3,69.6,60.8,38,68,4.47,KZ,1600439090
Grand Gaube,-20.01,57.66,73.0,63,90,7.0,MU,1600439091
Leshukonskoye,64.9,45.76,43.97,70,100,3.87,RU,1600439091
Chara,56.91,118.26,43.39,73,99,2.01,RU,1600439091
Marsh Harbour,26.54,-77.06,84.4,71,100,12.91,BS,1600439091
Omsukchan,62.53,155.8,29.93,95,47,2.86,RU,1600439091
Upernavik,72.79,-56.15,27.81,85,62,16.33,GL,1600439091
Najrān,17.49,44.13,91.4,13,0,11.41,SA,1600439092
Uruguaiana,-29.75,-57.09,77.0,50,0,11.41,BR,1600439092
Buala,-8.14,159.59,80.58,79,100,6.44,SB,1600439092
Rio Grande,-32.03,-52.1,67.37,71,0,10.09,BR,1600438938
Husavik,66.04,-17.34,53.6,50,75,10.29,IS,1600439092
Nome,64.5,-165.41,44.6,81,90,6.93,US,1600439092
Acajutla,13.59,-89.83,75.0,100,93,1.7,SV,1600438852
Aberystwyth,52.42,-4.08,63.0,68,0,4.0,GB,1600438998
Los Llanos de Aridane,28.66,-17.92,78.8,61,75,9.17,ES,1600439093
Pudozh,61.81,36.53,45.32,75,95,4.32,RU,1600439093
Gilbués,-9.83,-45.34,93.49,23,21,7.74,BR,1600439093
Bose,45.46,8.01,84.99,53,10,3.0,IT,1600439093
Srednekolymsk,67.45,153.68,43.36,91,97,13.73,RU,1600439093
Atar,20.52,-13.05,106.5,9,0,7.29,MR,1600439094
Chapais,49.78,-74.85,39.2,85,75,8.05,CA,1600439094
Visby,57.64,18.3,63.0,71,0,13.87,SE,1600439094
Mananara,-16.17,49.77,71.46,83,38,7.78,MG,1600439094
Sakakah,29.97,40.21,105.8,7,20,13.87,SA,1600439094
Savannah Bight,16.45,-85.85,84.07,76,44,13.2,HN,1600439094
Cabañas,22.98,-82.92,82.4,88,20,4.7,CU,1600439095
Rusape,-18.53,32.13,79.09,24,29,12.01,ZW,1600439095
Kavieng,-2.57,150.8,80.47,79,100,6.13,PG,1600439095
Camaná,-16.62,-72.71,64.18,67,71,7.49,PE,1600439095
Zhezkazgan,47.8,67.71,62.6,45,90,6.71,KZ,1600439095
Puerto Escondido,15.85,-97.07,78.8,74,90,3.6,MX,1600439095
Gurupá,-1.41,-51.64,91.62,52,33,5.03,BR,1600439096
Sur,22.57,59.53,87.58,54,0,11.21,OM,1600439096
Wahiawā,21.5,-158.02,78.01,94,1,5.7,US,1600439096
Mergen,49.18,125.22,49.89,90,100,10.31,CN,1600439096
Bambous Virieux,-20.34,57.76,73.4,64,40,5.82,MU,1600439096
Desa,43.87,23.03,84.02,30,82,9.93,RO,1600439096
Yangi Marg`ilon,40.43,71.72,55.4,71,75,20.8,UZ,1600439096
Qingquan,30.45,115.26,63.25,90,55,5.01,CN,1600439097
Torbay,47.67,-52.73,69.01,77,75,13.87,CA,1600439097
Enshi,30.3,109.48,64.13,69,100,0.18,CN,1600439097
Manggar,-2.88,108.27,81.36,79,68,13.04,ID,1600439097
Castro,-24.79,-50.01,78.6,41,18,9.08,BR,1600438879
Sibolga,1.74,98.78,77.9,80,98,2.39,ID,1600439097
Mutoko,-17.4,32.23,82.15,23,9,12.91,ZW,1600439097
Gogrial,8.53,28.1,89.87,59,10,3.02,SS,1600439098
Mitsamiouli,-11.38,43.28,82.4,65,75,12.75,KM,1600439098
Anadyr,64.75,177.48,35.6,93,75,4.47,RU,1600439098
Tabou,4.42,-7.35,77.41,78,48,9.84,CI,1600439098
Maxixe,-23.86,35.35,80.6,74,75,12.75,MZ,1600439098
Ayagoz,47.97,80.44,53.31,56,83,7.94,KZ,1600439098
Āwash,8.98,40.17,84.16,45,100,14.16,ET,1600439099
Hasaki,35.73,140.83,81.0,88,20,2.24,JP,1600439099
Bathsheba,13.22,-59.52,87.8,62,20,11.41,BB,1600439099
Port Hardy,50.7,-127.42,57.2,100,90,4.61,CA,1600439099
Emba,48.83,58.14,60.78,35,55,4.21,KZ,1600439099
Papara,-3.98,-38.73,84.2,58,40,21.92,BR,1600439099
Barsovo,61.17,73.17,46.4,81,100,13.42,RU,1600439100
Les Cayes,18.2,-73.75,84.36,67,0,1.21,HT,1600439100
Yerbogachën,61.28,108.01,46.87,80,0,3.94,RU,1600438892
Mkushi,-13.62,29.39,88.66,20,0,10.36,ZM,1600439100
Marzuq,14.4,46.47,91.53,11,43,13.11,YE,1600439100
Laas,46.62,10.7,73.99,56,20,8.05,IT,1600439100
Leer,8.3,30.14,86.94,66,41,2.21,SS,1600439101
Sangre Grande,10.58,-61.12,87.8,66,40,3.78,TT,1600439101
Sawākin,19.11,37.33,97.86,30,0,10.96,SD,1600439101
Cap Malheureux,-19.98,57.61,73.0,63,90,7.0,MU,1600439101
Don Luan,11.53,106.92,75.27,96,100,7.52,VN,1600439101
São João da Barra,-21.64,-41.05,84.2,66,0,8.3,BR,1600438952
Kaa-Khem,51.68,94.73,63.61,38,100,4.68,RU,1600439101
Riyadh,24.69,46.72,104.0,10,0,10.29,SA,1600438870
Voh,-20.97,164.7,67.73,87,2,5.23,NC,1600439102
Jizan,17.33,42.67,95.0,71,40,14.99,SA,1600439102
Katsuura,35.13,140.3,84.0,86,0,5.99,JP,1600439102
Zhengjiatun,43.51,123.51,55.38,83,94,8.57,CN,1600439102
Saurimo,-9.66,20.39,84.2,51,75,5.55,AO,1600439102
Broken Hill,-31.95,141.43,73.4,25,75,10.29,AU,1600439103
Pochutla,15.74,-96.47,75.2,73,90,5.82,MX,1600439103
Pisco,-13.7,-76.22,60.8,87,90,4.7,PE,1600439080
Clones,54.18,-7.23,60.01,73,100,7.0,IE,1600439103
Port Macquarie,-31.43,152.92,60.01,93,100,3.44,AU,1600438914
Evensk,61.95,159.23,38.52,72,4,7.23,RU,1600439103
Puerto Madryn,-42.77,-65.04,53.22,39,0,29.57,AR,1600439103
Örnsköldsvik,63.29,18.72,59.0,54,11,26.4,SE,1600439104
Marawi,8.0,124.29,77.0,90,13,1.01,PH,1600439104
Pleasanton,37.66,-121.87,63.0,82,1,4.7,US,1600438864
Neiafu,-18.65,-173.98,77.0,88,75,5.82,TO,1600439104
Natal,-5.79,-35.21,84.2,58,75,18.34,BR,1600438904
Yining,29.04,114.56,61.86,90,64,1.45,CN,1600439104
Santiago del Estero,-27.8,-64.26,81.28,23,0,11.07,AR,1600439012
Dărăşti-Ilfov,44.31,26.02,75.0,38,45,11.41,RO,1600439104
Vestmanna,62.16,-7.17,51.8,81,0,10.29,FO,1600439105
Gaza,31.5,34.47,89.6,55,0,11.41,PS,1600439068
Cariré,-3.95,-40.47,95.54,30,0,6.55,BR,1600439105
São Gabriel da Cachoeira,-0.13,-67.09,84.2,79,94,3.36,BR,1600439105
Bograd,54.23,90.83,51.8,93,40,4.47,RU,1600439105
Porto-Novo,6.5,2.6,84.2,70,40,13.87,BJ,1600439105
Egvekinot,66.32,-179.17,31.73,94,49,6.71,RU,1600439105
Star Dojran,41.19,22.72,84.99,49,100,1.01,MK,1600439106
Fairfield,41.27,-73.32,66.0,67,90,12.75,US,1600438914
Nueve de Julio,-35.44,-60.88,64.0,31,0,4.0,AR,1600438898
Nacala,-14.54,40.67,84.2,48,40,9.17,MZ,1600439106
Katangli,51.71,143.23,55.99,98,100,2.86,RU,1600439106
Green River,41.53,-109.47,46.4,42,1,4.7,US,1600439106
Orós,-6.24,-38.91,98.37,23,0,5.01,BR,1600439106
Whitehorse,60.72,-135.05,51.8,64,90,13.87,CA,1600438992
Corinth,37.94,22.96,82.0,47,85,5.01,GR,1600438941
Lakes Entrance,-37.88,147.98,53.01,94,100,2.28,AU,1600439107
Līsakovsk,52.54,62.49,55.08,57,31,8.12,KZ,1600439067
Rangāpāra,26.82,92.65,81.09,81,100,1.88,IN,1600439107
Sopela,43.38,-2.98,84.2,42,20,12.75,ES,1600439107
Dargaville,-35.93,173.88,51.42,69,81,10.0,NZ,1600439107
Dukat,62.55,155.55,29.79,96,79,3.15,RU,1600439107
Port Lincoln,-34.73,135.87,61.39,83,97,3.85,AU,1600438932
Taos,36.41,-105.57,44.6,42,1,3.36,US,1600439108
Noumea,-22.28,166.46,69.8,94,90,14.5,NC,1600439108
Guatire,10.48,-66.54,81.0,44,24,1.25,VE,1600439108
Freeport,40.66,-73.58,66.99,72,90,19.46,US,1600438855
San Cristobal,7.77,-72.22,84.2,66,40,2.24,VE,1600439108
Beyneu,45.32,55.2,68.45,23,99,9.28,KZ,1600439108
Tanabe,33.73,135.37,73.99,92,100,7.29,JP,1600439109
Antsohihy,-14.88,47.99,85.89,41,54,1.97,MG,1600439109
Catuday,16.29,119.81,80.26,79,99,4.18,PH,1600439109
Okhotsk,59.38,143.3,47.62,64,0,6.26,RU,1600439109
Weihe,33.0,105.32,57.76,89,97,4.38,CN,1600439109
Mackay,-21.15,149.2,71.6,78,40,17.22,AU,1600439109
Kitimat,54.05,-128.65,46.99,94,3,1.25,CA,1600439110
Alofi,-19.06,-169.92,73.4,100,41,10.29,NU,1600439110
Zhangzhou,24.51,117.66,82.4,78,40,15.66,CN,1600439110
Goma,-1.68,29.22,81.12,40,60,3.06,CD,1600439110
Madimba,-10.4,40.33,82.4,54,20,11.41,TZ,1600439111
Pimentel,-6.84,-79.93,62.6,77,90,8.05,PE,1600439111
Havelock,34.88,-76.9,78.01,94,90,9.17,US,1600439111
San Ignacio,17.16,-89.07,84.0,94,20,2.84,BZ,1600439111
Nanortalik,60.14,-45.24,39.11,87,100,20.22,GL,1600439111
Vardø,70.37,31.11,42.8,93,75,23.04,NO,1600439112
Katy,29.79,-95.82,81.0,70,100,10.27,US,1600438862
Egersund,58.45,6.0,57.99,86,0,8.81,NO,1600439112
Waingapu,-9.66,120.26,75.61,84,0,5.46,ID,1600439112
Yenagoa,4.92,6.26,82.62,79,94,7.11,NG,1600439113
Batemans Bay,-35.72,150.18,57.99,96,97,3.06,AU,1600439113
Tura,25.52,90.22,76.86,92,100,2.33,IN,1600439113
Shimoda,34.67,138.95,75.0,88,91,1.01,JP,1600439113
Mizdah,31.45,12.98,92.59,17,0,14.72,LY,1600439113
Korla,41.76,86.15,75.2,21,100,16.51,CN,1600439114
Nabire,-3.37,135.48,76.51,87,100,2.86,ID,1600439114
Borogontsy,62.67,131.17,41.22,74,0,2.84,RU,1600439114
Jieshou,33.26,115.36,68.05,54,77,7.2,CN,1600439114
Chhabra,24.67,76.83,87.3,58,88,1.19,IN,1600439115
Praia,14.92,-23.51,86.0,79,40,12.75,CV,1600439089
Mokobeng,-23.0,27.67,89.71,23,0,11.3,BW,1600439115
Belaya Gora,68.53,146.42,46.9,93,100,9.15,RU,1600439115
Mehamn,71.04,27.85,42.8,87,75,6.93,NO,1600439115
Peniche,39.36,-9.38,71.01,83,100,20.0,PT,1600439115
Orbetello,42.44,11.22,87.8,35,20,6.93,IT,1600439116
Sfântu Gheorghe,45.87,25.78,60.01,68,78,8.9,RO,1600439116
Krasnosel'kup,65.7,82.47,47.66,84,100,11.77,RU,1600439116
Caravelas,-17.71,-39.25,81.79,56,28,9.82,BR,1600439116
Nuevo Progreso,23.17,-97.95,78.01,61,3,5.99,MX,1600439117
Wagar,16.15,36.2,103.75,17,0,6.15,SD,1600439117
Esim,4.87,-2.24,78.94,75,40,9.66,GH,1600439117
Sambava,-14.27,50.17,73.27,82,74,12.3,MG,1600439117
Rocha,-34.48,-54.33,63.84,51,49,11.05,UY,1600438920
Sidi Ali,36.1,0.42,87.19,40,100,1.68,DZ,1600439117
Nara,34.69,135.8,75.0,41,100,3.74,JP,1600438861
Takoradze,4.88,-1.76,79.21,76,33,9.37,GH,1600439118
Kalabo,-14.97,22.68,98.19,12,19,7.18,ZM,1600439118
Shubarkuduk,49.14,56.49,61.61,35,100,5.44,KZ,1600439118
Ous,60.91,61.52,41.74,88,100,5.99,RU,1600439118
Nizhniy Baskunchak,48.22,46.83,73.62,43,97,19.04,RU,1600439118
Raudeberg,61.99,5.14,55.0,95,85,9.66,NO,1600439119
Hastings,50.86,0.57,71.01,46,0,8.99,GB,1600439119
Tombouctou,20.0,-3.0,93.63,37,2,20.98,ML,1600439119
Charter Township of Clinton,42.59,-82.92,57.0,66,20,12.75,US,1600439060
Żurrieq,35.83,14.47,82.4,58,0,19.46,MT,1600439120
Ahipara,-35.17,173.17,51.85,70,84,9.44,NZ,1600439120
Manyana,-23.4,21.72,92.57,8,0,6.15,BW,1600439120
Mamontovo,52.71,81.62,52.68,67,90,11.48,RU,1600439120
Kalmunai,7.42,81.82,84.42,67,100,7.09,LK,1600439120
Half Moon Bay,37.46,-122.43,63.0,88,75,2.08,US,1600438994
Te Anau,-45.42,167.72,41.85,90,100,3.51,NZ,1600439121
Severo-Yeniseyskiy,60.37,93.04,47.37,85,100,5.82,RU,1600439121
Gemeente Wageningen,51.97,5.67,72.0,37,39,12.75,NL,1600439121
Vasai,19.47,72.8,82.4,83,75,3.36,IN,1600439121
Kluczbork,50.97,18.22,61.18,40,42,5.77,PL,1600439122
Shemysheyka,52.89,45.39,57.99,39,51,11.99,RU,1600439122
Grindavik,63.84,-22.43,48.2,76,90,20.8,IS,1600439122
Pachino,36.72,15.09,84.0,64,0,1.99,IT,1600439122
New Cumnock,55.4,-4.18,69.8,56,20,8.05,GB,1600439123
Sarāhan,31.52,77.8,60.85,71,1,0.2,IN,1600439123
Lavumisa,-27.31,31.89,86.0,45,2,12.75,SZ,1600439123
Byron Bay,-28.65,153.62,61.0,93,75,2.24,AU,1600438888
Kailua,21.4,-157.74,78.8,65,40,6.93,US,1600439123
Tazmalt,36.39,4.4,78.8,83,75,17.22,DZ,1600439123
Irbeyskoye,55.64,95.45,51.39,89,100,10.8,RU,1600439124
Oranjemund,-28.55,16.43,62.44,67,0,17.96,NA,1600439124
San Patricio,19.22,-104.7,80.6,74,40,3.33,MX,1600439124
Kashgar,39.45,75.98,73.4,23,40,4.47,CN,1600439125
Polyarnyye Zori,67.37,32.5,41.34,94,100,11.14,RU,1600439125
Dover,39.16,-75.52,66.2,93,90,13.87,US,1600439009
Biak,-0.91,122.88,78.42,78,99,2.95,ID,1600439125
Ostrovnoy,68.05,39.51,44.65,67,100,19.19,RU,1600439125
Dunedin,-45.87,170.5,48.0,72,100,5.99,NZ,1600439125
Santo Antônio do Içá,-3.1,-67.94,89.69,55,57,2.64,BR,1600439125
Kamaishi,39.27,141.88,70.38,79,100,4.0,JP,1600439126
Hervey Bay,-25.3,152.85,66.0,77,0,1.01,AU,1600439126
Vīsāvadar,21.38,70.68,80.15,83,100,6.62,IN,1600439126
Xai-Xai,-25.05,33.64,79.65,62,28,10.65,MZ,1600439127
Ust-Kuyga,70.02,135.6,49.08,68,99,8.61,RU,1600439127
Sioux Lookout,50.1,-91.92,42.8,75,20,8.05,CA,1600439127
Brae,60.4,-1.35,53.6,100,40,6.93,GB,1600439127
Sola,-13.88,167.55,79.83,84,100,17.78,VU,1600439128
Moussoro,13.64,16.49,101.89,17,0,5.57,TD,1600439128
Mazagão,-0.12,-51.29,91.4,66,40,8.05,BR,1600439128
Medford,42.33,-122.88,64.4,63,90,2.3,US,1600438933
Adrar,20.5,-10.07,101.07,17,0,4.29,MR,1600439128
Oussouye,12.48,-16.55,89.6,66,75,6.93,SN,1600439129
Starokostiantyniv,49.76,27.2,57.43,51,15,16.73,UA,1600439129
Teguise,29.06,-13.56,82.4,51,20,9.17,ES,1600439129
Katesh,-4.52,35.38,78.6,22,28,9.4,TZ,1600439130
Kolokani,13.57,-8.03,84.52,60,100,2.35,ML,1600439130
Cedrales,-25.65,-54.7,78.8,88,75,8.05,PY,1600439130
Fairbanks,64.84,-147.72,46.99,87,90,5.82,US,1600438956
Maswa,-2.68,33.98,93.43,12,80,10.89,TZ,1600439130
Moa,20.66,-74.94,85.48,67,26,4.74,CU,1600439130
Hofn,64.25,-15.21,53.6,71,20,12.75,IS,1600439130
Lakki,32.61,70.91,99.73,13,0,4.76,PK,1600439131
Vikhorevka,56.12,101.16,50.0,71,0,4.47,RU,1600439131
Balkanabat,39.51,54.37,80.33,16,0,17.22,TM,1600439131
Marsá Maţrūḩ,31.35,27.25,82.4,69,40,10.29,EG,1600439131
Westport,41.14,-73.36,66.2,63,40,16.11,US,1600439132
Tessalit,20.2,1.01,97.7,26,42,7.76,ML,1600439132
Jalingo,8.88,11.37,86.95,66,84,2.53,NG,1600439132
Cairns,-16.92,145.77,73.4,78,40,6.93,AU,1600439132
Kodīnar,20.79,70.7,81.7,81,71,8.5,IN,1600439132
Kalangala,-0.31,32.23,75.34,69,8,10.27,UG,1600439132
Khairpur Nathan Shah,27.09,67.73,98.02,18,0,4.52,PK,1600439133
Ambilobe,-13.2,49.05,81.84,50,69,5.7,MG,1600439133
Vao,-22.67,167.48,70.12,80,3,21.88,NC,1600439133
Tonbridge,51.19,0.28,66.0,65,0,7.0,GB,1600439133
Santa Cruz de la Sierra,-17.8,-63.17,78.8,54,75,6.93,BO,1600439133
Mae Tha,18.46,99.14,78.8,88,40,2.24,TH,1600439134
Chicama,-7.84,-79.15,68.2,65,68,6.38,PE,1600439134
Coos Bay,43.37,-124.22,60.8,100,90,9.17,US,1600439037
Callaway,30.15,-85.57,82.0,78,1,4.7,US,1600439134
Namatanai,-3.67,152.43,78.42,80,100,2.98,PG,1600439134
Conde,-7.26,-34.91,80.6,74,75,10.29,BR,1600438929
Aykhal,66.0,111.5,48.2,49,0,4.47,RU,1600439134
Kaeo,-35.1,173.78,48.0,3,14,1.99,NZ,1600439134
Yaan,7.38,8.57,85.73,67,74,5.06,NG,1600439135
Vallenar,-28.57,-70.76,72.93,33,0,5.64,CL,1600439135
Qasigiannguit,68.82,-51.19,32.0,88,75,2.24,GL,1600439135
Touros,-5.2,-35.46,84.2,62,75,13.87,BR,1600439136
Khandyga,62.67,135.6,41.85,67,0,3.31,RU,1600439136
Port Pirie,-33.18,138.02,66.2,77,100,9.17,AU,1600439136
Inuvik,68.35,-133.72,46.4,75,90,8.05,CA,1600439136
Askim,59.58,11.16,73.0,59,0,1.01,NO,1600439136
Yārāda,17.65,83.27,82.4,78,75,11.41,IN,1600439136
Mineral Wells,32.81,-98.11,72.0,83,75,5.82,US,1600438951
Alice Springs,-23.7,133.88,73.4,16,0,8.05,AU,1600439137
Russell,32.35,-85.2,73.4,83,75,5.82,US,1600439137
Sirte,31.21,16.59,81.73,50,0,11.92,LY,1600439137
Tutóia,-2.76,-42.27,86.25,56,0,13.29,BR,1600439137
Ankang,32.68,109.02,64.0,59,100,1.01,CN,1600439108
Chimoio,-19.12,33.48,82.4,42,0,9.17,MZ,1600439137
Ipixuna,-1.76,-48.8,87.8,62,40,6.93,BR,1600439138
Xam Nua,20.42,104.04,66.0,95,100,6.06,LA,1600439138
Simao,22.79,100.97,64.9,85,100,3.44,CN,1600439138
West Odessa,31.84,-102.5,64.4,72,1,5.82,US,1600439138
Verkhnevilyuysk,63.45,120.32,42.28,83,11,2.51,RU,1600439139
Vung Tau,10.35,107.08,80.69,84,100,21.56,VN,1600438922
Ola,59.58,151.28,44.33,61,0,5.99,RU,1600439139
Lewiston,44.1,-70.21,51.8,53,90,9.17,US,1600439139
Verāval,20.9,70.37,82.36,81,77,7.96,IN,1600439139
Kansk,56.2,95.72,53.24,90,100,10.67,RU,1600439139
Nakusp,50.25,-117.8,46.0,98,0,1.01,CA,1600439140
Soubre,5.79,-6.61,83.91,63,80,3.71,CI,1600439140
Trostberg,48.03,12.56,68.0,58,0,12.03,DE,1600439140
Oistins,13.07,-59.53,87.8,62,20,11.41,BB,1600439140
Chapecó,-27.1,-52.62,71.6,64,40,4.7,BR,1600439140
Krivosheino,57.34,83.93,47.82,92,98,10.29,RU,1600439141
Kousséri,12.08,15.03,93.2,56,40,9.17,CM,1600439141
Plettenberg Bay,-34.05,23.37,64.27,59,50,6.55,ZA,1600439141
Yangliuqing,39.14,117.0,66.2,48,0,2.24,CN,1600439141
Lhokseumawe,5.18,97.15,79.88,85,100,7.81,ID,1600439141
Thibodaux,29.8,-90.82,77.0,89,100,1.01,US,1600439073
Gobabis,-22.45,18.97,90.81,10,0,5.01,NA,1600439141
Kalispell,48.2,-114.31,46.0,93,90,1.97,US,1600438924
Truth or Consequences,33.13,-107.25,60.8,38,1,6.93,US,1600439142
Kindu,-2.95,25.95,80.22,87,100,1.52,CD,1600439142
Mahon,39.89,4.27,80.6,69,71,5.82,ES,1600439142
Filingué,14.35,3.32,94.44,38,18,1.92,NE,1600439142
Aitape,-3.14,142.35,77.95,85,100,3.44,PG,1600439143
Siavonga,-16.54,28.71,93.49,24,0,0.67,ZM,1600439143
Ontario,34.06,-117.65,77.0,28,75,0.29,US,1600439144
Derzhavīnsk,51.1,66.32,59.05,55,100,5.95,KZ,1600439144
Katobu,-4.94,122.53,76.12,87,2,6.24,ID,1600439144
Solnechnyy,50.72,136.63,46.4,90,100,9.53,RU,1600439144
Soure,-0.72,-48.52,84.47,71,84,12.44,BR,1600439083
Saint Anthony,45.02,-93.22,52.0,75,1,4.47,US,1600439145
Khrystynivka,48.82,29.97,57.29,45,29,16.6,UA,1600439145
Alanya,36.54,32.0,87.8,74,0,11.41,TR,1600439145
Yumen,40.28,97.2,62.65,26,0,14.03,CN,1600439145
Mongomo,1.63,11.31,76.95,73,100,2.77,GQ,1600439145
La Palma,33.85,-118.05,69.8,52,1,0.83,US,1600439145
Giruá,-28.03,-54.35,73.0,94,40,3.36,BR,1600439145
Kamina,-8.74,24.99,91.81,26,61,4.97,CD,1600439146
Normandin,48.83,-72.53,46.4,58,20,10.29,CA,1600439146
Winburg,-28.52,27.01,81.27,13,0,17.58,ZA,1600439146
Latung,5.5,120.88,83.88,78,16,16.62,PH,1600439146
Guánica,17.97,-66.91,88.0,56,0,1.99,PR,1600439146
Juneau,58.3,-134.42,53.01,87,90,3.36,US,1600439077
Verkhnyaya Inta,65.98,60.31,41.36,71,96,9.06,RU,1600439147
Madaoua,14.07,5.96,97.48,32,21,4.59,NE,1600439147
Carauari,-4.88,-66.9,92.57,45,42,3.15,BR,1600439099
Matata,-37.88,176.75,46.0,72,0,1.01,NZ,1600439147
Puerto Colombia,10.99,-74.95,84.2,83,40,6.93,CO,1600439021
Kaohsiung City,22.62,120.31,84.0,78,75,5.82,TW,1600438869
Faya,18.39,42.45,82.4,8,20,9.17,SA,1600439147
Mildura,-34.2,142.15,69.8,49,75,9.17,AU,1600439148
Monrovia,6.3,-10.8,78.8,88,75,4.7,LR,1600439148
Sechura,-5.56,-80.82,66.6,74,87,8.23,PE,1600439148
Mujiayingzi,42.12,118.78,53.76,51,0,8.28,CN,1600439148
Qiongshan,20.01,110.35,78.8,94,100,6.71,CN,1600439148
Quesnel,53.0,-122.5,50.0,100,90,1.9,CA,1600439010
Jinchang,38.5,102.17,67.37,26,0,5.57,CN,1600439148
Kolvereid,64.87,11.6,53.6,76,75,13.87,NO,1600439149
Dakar,14.69,-17.44,87.8,74,75,9.17,SN,1600439052
Kuito,-12.38,16.93,73.4,60,75,8.34,AO,1600439149
Wilkie,52.42,-108.7,46.99,76,83,5.99,CA,1600439149
Nayoro,44.35,142.46,58.57,90,6,7.16,JP,1600439149
Umba,66.69,34.34,42.6,91,100,21.32,RU,1600439149
Kirn,49.78,7.45,75.0,46,2,10.29,DE,1600439150
Ternate,0.8,127.4,80.62,77,55,5.1,ID,1600439150
Falam,22.92,93.68,63.21,100,95,0.81,MM,1600439150
Nicoya,10.15,-85.45,77.0,94,40,3.36,CR,1600439150
Toyooka,35.53,134.83,68.16,87,100,5.17,JP,1600439150
Port Hawkesbury,45.62,-61.35,57.0,76,90,8.05,CA,1600438894
Bar Harbor,44.39,-68.2,53.01,81,90,12.75,US,1600438988
Polokwane,-23.9,29.47,78.8,41,21,6.93,ZA,1600439151
High Level,58.52,-117.14,35.6,100,40,3.49,CA,1600439151
Bayjī,34.93,43.49,106.92,8,0,15.35,IQ,1600439151
Salina,38.84,-97.61,60.01,87,1,5.95,US,1600439151
Tautira,-17.73,-149.15,73.4,83,40,3.36,PF,1600439151
Bairiki Village,1.33,172.98,80.6,78,75,6.93,KI,1600439151
Champerico,14.3,-91.92,75.2,83,90,4.97,GT,1600439152
Manta,-0.95,-80.73,73.4,83,90,5.82,EC,1600439152
Beira,-19.84,34.84,80.01,74,20,11.41,MZ,1600439152
Victor Harbor,-35.57,138.62,63.0,80,95,11.39,AU,1600439152
Port Hedland,-20.32,118.57,71.6,83,0,3.36,AU,1600439152
Rūjiena,57.9,25.33,57.85,56,3,10.67,LV,1600439152
Boyolangu,-8.12,111.89,74.77,90,84,4.45,ID,1600439153
Kirakira,-10.45,161.92,78.94,83,100,7.72,SB,1600439153
Garden City,42.33,-83.33,55.4,58,20,11.41,US,1600439153
Taksimo,56.34,114.88,46.15,65,21,0.43,RU,1600439132
Campbellsville,37.34,-85.34,62.01,72,40,11.41,US,1600439153
Bozoum,6.32,16.38,77.77,85,73,5.44,CF,1600439154
Nizhyn,51.05,31.89,55.44,57,87,16.93,UA,1600439154
Berlevåg,70.86,29.09,42.8,87,75,6.93,NO,1600439154
Baruun-Urt,46.68,113.28,46.92,60,4,6.04,MN,1600439154
Hambantota,6.12,81.12,77.0,100,75,10.29,LK,1600439155
Dingzhou,38.51,115.0,60.8,82,0,2.24,CN,1600439155
Blackwater,-23.58,148.88,62.73,86,1,13.04,AU,1600439155
Anloga,5.79,0.9,82.4,74,20,11.41,GH,1600439155
Tezu,27.92,96.17,78.87,78,74,2.84,IN,1600439155
Florida,28.75,-82.5,84.0,78,90,4.7,US,1600438891
Gazli,40.13,63.45,63.21,26,0,7.94,UZ,1600439156
Antofagasta,-23.65,-70.4,59.0,67,75,5.82,CL,1600439156
